model,accuracy,balanced_accuracy,precision,recall,f1,auroc,ks,mse
kan,0.7417218543046358,0.7546492921492922,0.5081206496519721,0.7821428571428571,0.6160337552742616,0.8457965618679906,0.5366795366795366,0.16219497027883414
