model,accuracy,balanced_accuracy,precision,recall,f1,auroc,ks
kan,0.7492904446546831,0.7689350064350065,0.5170842824601367,0.8107142857142857,0.631432545201669,0.8515512961941534,0.5435649935649935
