model,accuracy,balanced_accuracy,precision,recall,f1,auroc,ks
mlp,0.7313150425733207,0.7567084942084943,0.49563318777292575,0.8107142857142857,0.6151761517615176,0.8409151498437212,0.532078507078507
