model,accuracy,balanced_accuracy,precision,recall,f1,auroc,ks,mse
mlp,0.727530747398297,0.756418918918919,0.49141630901287553,0.8178571428571428,0.613941018766756,0.8439074278359993,0.54002574002574,0.1807899099243167
