model,accuracy,balanced_accuracy,precision,recall,f1,auroc,ks,mse
mitra,0.8013245033112583,0.6946750321750321,0.6822916666666666,0.46785714285714286,0.5550847457627118,0.8445945945945947,0.5548906048906049,0.13806145965318914
