model,accuracy,balanced_accuracy,precision,recall,f1,auroc,ks,mse
tabkan,0.7483443708609272,0.7705759330759331,0.5157657657657657,0.8178571428571428,0.6325966850828729,0.8548929031071889,0.551994851994852,0.1621018890626826
