model,accuracy,balanced_accuracy,precision,recall,f1,auroc,ks
stab,0.7332071901608326,0.705453667953668,0.49725274725274726,0.6464285714285715,0.562111801242236,0.7980924802353373,0.46119691119691125
