model,accuracy,balanced_accuracy,precision,recall,f1,auroc,ks,mse
stab,0.7057710501419111,0.7633204633204633,0.47058823529411764,0.8857142857142857,0.6146220570012392,0.8480304283875713,0.5447232947232947,0.1877239991836902
