model,accuracy,balanced_accuracy,precision,recall,f1,auroc,ks
tabpfn,0.7880794701986755,0.6868082368082369,0.6346153846153846,0.4714285714285714,0.5409836065573771,0.8309891524177238,0.5403153153153153
