model,accuracy,balanced_accuracy,precision,recall,f1,auroc,ks,mse
tabpfn,0.7928098391674551,0.7071589446589447,0.630901287553648,0.525,0.5730994152046783,0.8362589630446773,0.5402831402831403,0.1459492150753811
