model,accuracy,balanced_accuracy,precision,recall,f1,auroc,ks
tabpfn,0.7436140018921475,0.7399453024453024,0.5112219451371571,0.7321428571428571,0.6020558002936858,0.8282198014340871,0.5001930501930502
