model,accuracy,balanced_accuracy,precision,recall,f1,auroc,ks
gradient_boosting,0.7455061494796594,0.7697876447876448,0.512249443207127,0.8214285714285714,0.6310013717421125,0.8486785254642397,0.5460102960102959
