model,accuracy,balanced_accuracy,precision,recall,f1,auroc,ks,mse
gradient_boosting,0.7691579943235572,0.775595238095238,0.5443349753694581,0.7892857142857143,0.6443148688046647,0.8470215113072256,0.5537644787644788,0.1577413032383649
